,resource_state,name,distance,moving_time,elapsed_time,total_elevation_gain,type,sport_type,workout_type,id,start_date,start_date_local,timezone,utc_offset,location_city,location_state,location_country,achievement_count,kudos_count,comment_count,athlete_count,photo_count,trainer,commute,manual,private,visibility,flagged,gear_id,start_latlng,end_latlng,average_speed,max_speed,average_cadence,has_heartrate,average_heartrate,max_heartrate,heartrate_opt_out,display_hide_heartrate_option,elev_high,elev_low,upload_id,upload_id_str,external_id,from_accepted_tag,pr_count,total_photo_count,has_kudoed,suffer_score,athlete.id,athlete.resource_state,map.id,map.summary_polyline,map.resource_state,average_watts,kilojoules,device_watts,average_temp
0,2,Laufec,12006.7,3671,4313,143.2,Run,Run,0.0,9025265125,2023-05-07T06:46:16Z,2023-05-07T08:46:16Z,(GMT+01:00) Europe/Berlin,7200.0,,,Czech Republic,4,15,0,1,0,False,False,False,False,everyone,False,,"[50.75352843850851, 7.010563965886831]","[50.75732636265457, 7.006967626512051]",3.271,4.41,84.8,True,167.2,183.0,False,True,168.1,55.4,9682706691,9682706691,garmin_ping_272970480661,False,1,0,False,84.0,54425577,1,a9025265125,yxwtHy|wi@x@rBXVvBvAP`@HbAnAhEBXNp@LZJj@K\}@|A}@j@]`@GZ?NXVRXVLJLlAf@NLx@^JJVZz@|Bh@|@l@SbAGAe@Bs@h@wBFM`@g@hAcAb@QbBiAN?b@_@`@?\b@~@bCXj@b@hA^v@j@bA`A`DLl@`@nA~@rDHhB@|@O^wA`By@hAi@z@Sn@Dt@GzB?~@ZjDH~BB~BFv@h@vALz@`@dBn@dClA~ENx@h@tB|@fEhBhF`@bBTn@T`@dBjFbAnB~@tAf@~@l@zA^n@b@t@~AtBj@pAl@lBhDbDbDpAbExBp@p@p@PxA|@d@JfBlAb@TdAt@HFN`@Lt@d@bARZtAjBt@t@b@Xv@MrBo@XQv@Mx@Fb@LlCjA\Xd@l@v@zAh@p@b@x@b@bAl@`BX|AXn@vAhBx@pAf@|BRr@d@hA\f@n@j@`@Nb@DpAGl@Z`AXXG`@YtAi@x@e@jHwC?}@GwAk@}A_CiEmDuHm@wAUw@oA{CWg@g@y@sBqCiBgBa@YyBaC_@Ym@a@iD}A_@]mAq@e@c@cAk@uBcBe@QyFyCoEsCsAm@yBeBc@SoA{@iBi@cAo@g@g@gAu@mAmAY_@}@qAYk@g@cAs@sBe@u@m@UeA_A{@k@sBoA_@]{@a@c@g@Yw@IBo@hAmA`DcBdEQx@[t@cAbADHXZ|@pCXp@Zj@~BrDv@`BbAnBj@r@BXWv@cAdC{BxHa@bB@n@c@c@c@m@a@u@Sq@i@iDWs@_@_@w@m@UUYi@cB{Ew@uBUi@_@c@cEsCyBsAuDoCoBoA}BgBkBgA{AeAeBcBwAmA_@g@a@Qu@SiC]gC}@qAkA{BmAgA{@WEe@Yk@Hu@Z_DbAoBMmBw@KGc@w@WMGDGJ[dCG~@KbAq@vE]bDUlAYj@_Eq@mCu@m@e@So@EByAi@g@m@Oo@?IRq@@e@b@yAHy@J]Jk@Pa@VeABa@Pq@Js@Ps@VyADI?}A]s@Fu@Ek@]i@GSn@_D\wEd@uC`@iBl@cAJs@`CoIj@{C`@yDTo@ViA^gCRq@Fk@ZkAVu@LcA^}A,2,,,,
1,2,Na bejbol,14353.1,1778,1948,24.0,Ride,Ride,10.0,9018812981,2023-05-06T06:07:45Z,2023-05-06T08:07:45Z,(GMT+01:00) Europe/Berlin,7200.0,,,Czech Republic,9,12,0,1,0,False,False,False,False,everyone,False,b12280237,"[50.756112, 7.012593]","[50.713809, 7.148215]",8.073,11.56,,True,159.9,186.0,False,True,60.8,49.6,9675865311,9675865311,garmin_ping_272796664647,False,7,0,False,35.0,54425577,1,a9018812981,uhxtHg{xi@Eg@Aq@u@uFk@sDy@_EeAeDcA}BeBiDoCeFw@kB_@aA}@wDSeAIW}D{KeCwGK_@G@IAiDqG_CwE_@iAWUoAkCcBqCUs@y@wBuAqCaAkBo@{@uEsI}@kBaAwBGg@w@mAm@{AoBqF[cAcBqEcAyBqDoHo@{AMs@MM?WRi@d@{@hDcFdAsAzBeDbDqElAkBjA{BbAqC`@oAd@mBf@oCrAaJ^gBCSeAiBq@qBg@iAaA_AMOwC_HUc@]WyAg@_@@aATo@Z}@v@g@Xo@L]IMQKWEa@I_C]kTHm@ViAdBkJlBwKOUs@i@M_@Iy@Jm@tBeGzAaF`Lsb@~EwPhDmJ~CeIbC{ElAwBTs@N_APe@Rc@`@g@\m@fC}FLSLFR\d@t@P?FGd@qAn@iAZO\Kf@S^e@~AeDzCiHx@yBJeANe@zAgCjA}BtA}CBYKYc@w@_@c@WAe@VWE[UMO{@aBKc@Ai@Fe@~@iDjBmHd@wArAiDtA}BfBaC|EqF|BcCrBoB`CqBdC}AbB{@lAc@hCqA~FiCx@[dBi@rBi@dEsArBi@jK_C`FkAzAw@~DkAlGcBxAUdGcBvIcBnBUhBq@vAy@|Ao@hC}@vEiBz@W|@JZC^OzC}AjEgCXY^i@XUnDuBhAy@zBmBfBeBdCuC~AoBrBqCrCsExBwDrEqIlEgJhBeEdAwCbEwNhB{Ip@oDl@eEl@}E^kDdC_Tj@gE~AoKTmANWd@c@R_@Ha@LgA^wBh@yB^g@FU?q@J]t@gBfAaEH{Al@yE\qH\gB\mCj@sClAaEn@mBFKZU,2,139.8,248.5,False,
2,2,Afternoon Ride,14125.5,2112,8386,32.1,Ride,Ride,,9016544997,2023-05-05T13:08:51Z,2023-05-05T15:08:51Z,(GMT+01:00) Europe/Berlin,7200.0,,,Czech Republic,10,11,0,1,0,False,False,False,False,everyone,False,b12280237,"[50.716452933847904, 7.121658129617572]","[50.75351092033088, 7.010814333334565]",6.688,10.594,,True,114.7,135.0,False,True,66.5,49.5,9673464198,9673464198,garmin_ping_272716189614,False,7,0,False,5.0,54425577,1,a9016544997,m}ptHcmmj@Ub@aAlAuArB[l@iBpDqBvCeBzBcA|@mAlAw@n@_BlA_@TmAbAmAv@_CfBmAt@QXo@f@MDo@d@{@d@}CnBsFvDoBhAcD|ByItFcErBmBfAaErBoC|A}@`@{Az@QF_@BmAb@}At@gDlBc@^e@d@s@h@E@IAK_@KEaAHd@p@THU`@a@\k@r@cDpB]JIQI[_@eDc@oGL[PID?R_A~g@wV_FlBeFhBoDfBcA^WFs@@k@F}Cl@qB\iD`AaHzAaJzBwAd@aAp@w@ZgCf@{Cr@_ANMF{FrA{H~BcFbBqAh@yG|CmBv@mB`AqBpAcClB{GdHsDfE{@hAyBjDSb@aAfC{@pCeBdHu@nDBb@DLr@rA|@rAVH^OJB\d@d@x@@ZEXmCtFsBbDGP[hBkAzCoBrEi@xAERg@hAa@j@[PgAZUPY\KNe@xAMJ[Us@iAIAMZ]hA}@`BGP_AnB_@l@_@`A[`BUf@_BvCeCdFqAjDsEvMkDfLmAdE{B~Iq@tB_ArDkBfHqBbHSx@i@xA}@tCWdAA`@H^NVx@|@?ZYtA_@dCiDjREf@V~K\tKBj@Jv@HRYiAAW@El@d@N?XE@HSdC?fAD~A?xDEd@SnC{@xF?Hr@p@zCxGl@dAlAhCh@pAdBrDBJEJwHrKuBdDaAlA_CtDHNXp@Jp@t@`BjBtDzB|EnA~C`@tA|@hCxArDb@|@ZXTz@r@fBxEnJnA|Bj@v@~BtEp@`Bd@`BHJf@b@\j@x@~AbAvBHDj@tA`FtJ\d@Th@NLPXHXvCrHrC`I`@vAJn@v@`Dn@jBpAtC~ApC`C|Eh@pAnAxDn@rCv@xEh@bEDN@v@QZTrEAbCDnCGj@DbBVtA\bAx@rARhAJ^HNDAFGJW,2,97.7,206.3,False,
3,2,Morning Ride,14237.0,2108,2329,32.5,Ride,Ride,,9016542711,2023-05-04T06:11:05Z,2023-05-04T08:11:05Z,(GMT+01:00) Europe/Berlin,7200.0,,,Czech Republic,3,9,0,1,0,False,False,False,False,everyone,False,b12280237,"[50.75814552605152, 7.019558250904083]","[50.707774981856346, 7.129670474678278]",6.754,10.454,,True,124.6,153.0,False,True,66.2,49.6,9673461688,9673461688,garmin_ping_272716143019,False,1,0,False,7.0,54425577,1,a9016542711,u_ytHgvzi@[q@wAiEeAmCiAqCMe@i@mAI[KEQSiA{B_CoEi@eAgAeCSIEGw@kBk@iAWg@w@aAk@eAOk@c@mAwA}Cm@gAk@y@oBoD}D_Im@uAE_@qA{BaAeCsDmKqA{C_CwEgA_Ce@iAGg@KKE@EOHYhBsClAgBpA}AlAkBlHoKvAmCvAyDv@uCh@oCt@yFh@wCXgAEQ]c@g@cAi@qASy@]q@gAeA]o@mCoGIMUUi@Sw@WM?cB`@[P{@x@WLQLi@N_@GY]Ms@a@uU?wAFi@jCgNxAyIEUKQu@o@G]Ea@BQlFsQ~CmLrEgQhCeJ~AoFnCwHhAoDbBcExA{ClBoDRYP[Lc@ZyAh@gAr@eAjCcGFGD?FDd@t@MNLPL?VWhAaCXS`AYXMZi@`AsBpFiMHW@_@Dc@L]rBiDxDuHfFqJdAkBn@{AX_AbAoB@SGiAGUMUEAQH]Hg@wAIQQQo@oCq@}BEw@F]jB}Bh@k@`A{@hEuEfAaAr@i@z@k@lBiA~@c@vAc@rCyAjF_CzFqBd@Kl@UrBo@pWaGf@Ut@e@XKXEjA]pHiBnBa@nEqAtHwAdBYfBSnB{@xA}@~Am@nAi@`IwCL@\J\@ZGrBaA`EyBlAu@VUN]TQhC{AhBqAzAmAtBqBzDkExAoBjEwGxBuDpFaKxAwCpAeClAiCtBmFlAuDRIPL\\h@b@rAz@V?LORg@p@{BZ{@j@q@Pi@NSf@eA`CkEBCHFRj@Zn@dAnC`@tAFJPDTMfBeCnAyA`@a@l@w@HGB@bAhDAZQ^ZfARTPX}@iBEAE@MLaApAa@z@aAfAw@fAGTBV\z@X~@^|@V`@NCr@_ApDeE~D_F^YBBd@a@b@[LWXkAnBcC~A}Ap@u@T]hE_Er@s@jAaA,2,96.7,203.8,False,
4,2,Evening Ride,14083.3,2091,4671,30.9,Ride,Ride,,9016540993,2023-05-03T16:10:09Z,2023-05-03T18:10:09Z,(GMT+01:00) Europe/Berlin,7200.0,,,Czech Republic,9,13,0,1,0,False,False,False,False,everyone,False,b12280237,"[50.70861652493477, 7.128944015130401]","[50.75580362230539, 7.0101114269346]",6.735,9.781,,True,129.4,157.0,False,True,65.1,49.5,9673459883,9673459883,garmin_ping_272716111012,False,2,0,False,9.0,54425577,1,a9016540993,onotHeboj@mBqEg@cBcCyFi@eAQD{AdDe@z@I@ICQW_CcGCAI@Ob@k@zCO^e@|@WXYT}Al@WV_@j@cH|LoCrEs@`AKXOz@MZyD|GYn@{@rCW`@MAWQuCgCG?OHQVa@`B{AlEuAzCkCjF_@|@yBfEcElHmClEuBzCuCtDkApAc@l@eGnF{@l@mBdA{A~@IHQZUTyHhEqAn@i@Hg@K[BoBv@mDfAeFjB{BjAkBd@O?GEu@XeAJwBb@g@NsAR_SnE]@BDCBUPo@PiAb@_An@sBj@aMhCqBf@wBj@kCz@k@Vu@LcEtAoBz@qGzCaBr@gB~@eAp@}C|B{EbFaB~AaCvCITAZJr@n@lBh@fBn@dCz@tBRn@@f@I^m@`A]v@u@xAoApBmGnLcDvGqArBGNMd@Cb@Od@}AjDyCdH]`Ae@p@[RqAh@u@zA[v@MNY]g@aAIAOLoCpGSVs@lAa@pAKj@M\kAxB_DpG{BvFqExMuEbPuDfNqF~SWp@cC`I]rA@NFj@JTt@r@NT`Ub]tA`CfJpPPn@GXOZcAhBuApBeEdF_ArAIPM~@a@lAS~@_@zBy@~F_@nBq@nCi@`BaAbCcAhB{DzF@ADPP^ALEPIHk@^e@h@c@x@SXC?GlAEIwDzPrCzFtB|ERj@p@zBtAtDfAnCj@|@ZfAlAlClA~BpAhCtAfCXb@X^jBrDbAvB`@dB`A~@lBtDh@lAPNVp@pBdEdCrELPFRr@dAHXTh@j@`BzAxDl@jBhBvE~ArGv@bClAfCdBzCrCbGl@dB`AhD^hBr@vEb@xDGEE@IDCD@\Jx@,2,96.4,201.6,False,
5,2,Ofis,14568.3,2101,2478,42.7,Ride,Ride,10.0,9000989463,2023-05-03T05:57:44Z,2023-05-03T07:57:44Z,(GMT+01:00) Europe/Berlin,7200.0,,,Czech Republic,6,17,1,1,0,False,False,False,False,everyone,False,b12280237,"[50.75547656044364, 7.009438443928957]","[50.70773701183498, 7.129597552120686]",6.934,13.43,,True,123.0,149.0,False,True,65.5,49.5,9657049269,9657049269,garmin_ping_272306112367,False,2,0,False,6.0,54425577,1,a9000989463,ghxtHoxxi@_@}E_@_D_@gC{@uE}@yC_AkCuBmECGKEi@aA_AiBkAeCkAmDw@wD_AyBkAuDgEeLAKIO[WSa@cFsJq@uAKc@YWkAgCkAqBk@q@g@u@a@_B}CuGg@s@iFwJkAiC[w@Gc@MUa@i@Wo@iC_Hg@cBYw@cAeC_@s@w@iBsDgHCS@EA@GKOg@AUEKMKKU?IHStAsBdCkDjDiFpAcBf@{@zB}CnA{BZq@p@kBp@{Bl@cCj@mC~@gHd@yBCO[[{@qBm@kBSc@U]_A}@IOuCyGS_@YScBi@M@wAXMDwBdBs@N[IKMKSKs@OqGCmDOoFCuBDY~BiLpBcLCW_A{@M]Ee@Bg@b@gAxCuJRg@dBgHrCyK|D{NjD_M`EgLbCgGhAkCjBmDbA_BRm@NkAN]N]z@oAb@}@dAgCv@_BXL\r@VZJ@FCJSb@qAXk@`@YjAe@f@s@fAkBr@gBl@mBhAoCx@{BJiAL_@nAsBrAqClM}Ux@sBVaAaDwK@Wo@kCCe@B[DKZc@dAiAvG{G`B}A~BcBhBaAfI{DnAe@bBw@fBq@jDgAjA[nDmA`EcAxFoAjFeAxAi@jAo@fG{AlBi@|Cs@rC{@zCo@hA]jASlBY^Il@I\?|AY~EeCdBi@fIwC\B\F^EZMfB{@fGmDLKh@cAfCwArBsAzBoBpBqBlCyClBcCdB}B~@wAr@oAzC}ExEyI|CkG|BgFhAsCz@{CFMHEF?x@l@PTb@`@hAl@JCR_AvAoDh@aARWh@cAj@aAh@kA^q@p@aBpDwGb@s@HCF@HHpAtCdAlBNHN?JCFERSx@sAP{@ZcBNk@FIH?Dv@R~A`@dCTt@VEVURHFJ`AnEEVEGHMn@[VCJb@VJJCpBiB`F_FbA{@bBkB`BuA,2,111.8,234.8,False,
6,2,Lunch Ride,80043.2,10707,18154,351.8,Ride,Ride,,9000988862,2023-04-30T10:00:37Z,2023-04-30T12:00:37Z,(GMT+01:00) Europe/Prague,7200.0,,,Czech Republic,25,26,0,4,0,False,False,False,False,everyone,False,b12280237,"[49.234331203624606, 16.52447140775621]","[49.03688541613519, 16.617599884048104]",7.476,13.896,,True,127.2,157.0,False,True,275.6,169.5,9657048378,9657048378,garmin_ping_272306083074,False,6,0,False,38.0,54425577,1,a9000988862,_cokHie{cBNcAfDyAnIaIrIwE`MmKzKuFpDwDpLiEvEn@V~AlImFbFuMrAyI\}K{Bie@~@uJfBiGp@mAfJyAxCb@dZkKxAuCzCgOfCaDzCs@h@qFdCuFfLkFpOiRfAlAfFy@zP~A~Us@fEwAXjAB_C|FsBdTjHzAiExC}A`JyJjBbJdF`AdAzDxBrCS~LuAtAqAbFsGcq@vSm]hAwLpBaBmB}D?mFgE_Y{GeQqCyKe@uNr@yMqAcHpAk@x@cQ|IgQnBwCwDeDk@eCvCkMXaEuAu@r@kH|@eDzMsOtQ{\dD}Dnc@oKi@_GzE{CKwDfYcDlXcNxVp@rFcBz@|Cti@_TzFzB~EfAjOj@pOEb@_D|`@|@VsA_AiEH{HrL`@UmCzH}ItCkAdt@jBbFpA|WsDvGnHhLK~Bq@lGmHnF_B`TyMhJzMkBzFlEdMIbT|Fd@|P`Gti@db@pCsl@rNa@xAqTtGeA^iEM_PnDG|WmK`ER|EdCpFQdHeKhKNtF_IdEaAbAXZ|CUnAqDpAdAnJnE|ClHxAlK?~OzDhPyA`GoCvL|@~EeCfAuBbLtBbLxQlBxVlAvEjZ~h@fBrBl@mAlJjFhGdHtEfBxBHdDmDhJnKtHSfM}H`JsAlDrWbAt@tLoIjBaCPeCdG_Jn`@{RzCN`JiF|d@~_AxRrfApCfI|W{MpJaItKvo@dErCZdClt@mH`Wk@~B}A~tA{Kve@gDlDt@pC}BtTaFdPsHzBlB|DuLhCiChCvD~GsRjBeC~LyNlK}HbHqMrG_I|O}LfEiPbBkCCqEn@cDlg@im@dKjPfDrBdU|SnFd@~FoGvCtCvJm@xB{OzJye@vu@qNbWsK|K}JxNuSvByGxGyK`AcE~F{G`CgM|CtFdPdKt@xCCzIr@dHxBjF`G`EpIFn\qFtE`AdJtGzMqFfAiOXc`@|B_NfDiKx@wWnDePlGoQrEaZbSuXtEoOi@{@`@jAqE~N_SbXwEnZcHfS{B`Kq@pEk@hUwCbJmClO_@v`@gA`N{M|EmJeH}Fy@k[pFyJg@kDoC_CgFu@aFA}Kq@kDeOeJcEiHgClNyG`Io@jDmGvJsCnIcNjRsMhLmWzJws@|MaOfw@aJb@eDeDeGzGsGiAuXuVwKoPwf@xm@iApDHdEgI~U}OtL}E`G}GfMuLhJcMlOmJdUo@FuAsDkC|B_FpNA_AaB}AsP|HiUnF}BlB}Du@eg@pDitAxKuAvAaHWgcAfJQoCiEmC}Kwo@{KhJiDz@qQpJiCsIkRaeAke@s`AqJpFsDBo]`QoFlFeAsBeFtJmGjC,2,120.3,1287.6,False,
7,2,Ne,3118.9,933,1313,0.0,Run,Run,0.0,8958305314,2023-04-26T04:20:19Z,2023-04-26T07:20:19Z,(GMT+02:00) Europe/Bucharest,10800.0,,,Czech Republic,0,21,0,1,0,False,False,False,False,everyone,False,,"[44.44565990008414, 26.038126973435283]","[44.443342639133334, 26.052852300927043]",3.343,4.8,84.8,True,149.5,167.0,False,True,85.0,74.3,9611765966,9611765966,garmin_ping_271118672186,False,0,2,False,9.0,54425577,1,a8958305314,eygnGaa}}Cq@yHCsA@sAv@iI^qCPgBPeALgBb@kDFu@j@uFD_A,2,,,,
8,2,Spole캜nost,7424.7,2679,2689,128.9,Run,Run,0.0,8925413746,2023-04-20T14:44:26Z,2023-04-20T16:44:26Z,(GMT+01:00) Europe/Berlin,7200.0,,,Czech Republic,1,28,0,2,0,False,False,False,False,everyone,False,,"[50.75445086695254, 7.0107197016477585]","[50.75373806990683, 7.010773681104183]",2.771,5.018,81.6,True,146.2,163.0,False,True,165.1,55.4,9576625134,9576625134,garmin_ping_270209270305,False,0,0,False,15.0,54425577,1,a8925413746,{{wtH{_xi@lApBRl@^j@f@Zj@d@XPZb@Dz@AHIN_At@o@~As@`AAJD^Rx@fAdCN^F^FBPd@n@v@b@Vd@d@xAf@TTn@|@^zAj@nANFh@WTFDBR?VEEo@Dg@`@uBHWd@}@d@a@XOx@g@^[LId@Ej@i@\QZFT`@tBrFlAzBV|@v@bCh@zBx@vCFd@J|B?`@KPQNqB|BUh@Ub@K`@GFAP?~AGlA@`BFr@Jb@JfAHjC?v@DhAHh@d@tAf@vBb@vAn@fCZvB`AhEnBxHv@tBjAvDBR\~@t@zCXj@^j@~@nApAbClAtCxAlBVPPf@b@t@Ld@Nf@Xl@HDVXv@n@^TX\`@Z`Ad@xAj@TTj@VjAp@z@b@PNNHPC@]CcAGYBgBVs@^q@Ng@@k@AYOu@Bq@TeABIVU\CX]JQXSD_@HS^MZS`@s@B[WOy@Wi@[kCaAc@SmCaCQU]]QW_@_@c@{@Ua@g@kAm@gBa@i@a@[_@Qa@c@qA}@a@U[Yq@a@YIu@]c@i@_@k@KYW[a@vAw@vBe@dBm@lAKj@MRg@bBq@h@U?S[W_@Ig@_AgCKi@[m@o@sB{@eEOk@QaAs@gCm@mCSw@[_Bg@mBi@yAE{@C}CEq@MuAOy@K_AAq@BiBLkAAEOHQd@EAMO_BkDa@gA]u@kA_Dm@uAMc@AOHo@N[Za@^]FMLe@Ic@e@g@e@a@YGa@Jq@^_@Fi@GGCYa@YWO?_@JgCpBc@BGCa@Yc@k@q@wAWq@_@kBI}@Qy@Yu@C]MIKQPg@^a@RYjAgA\e@@OCUIc@_@o@s@cCUcACe@Qs@Q_@e@k@YEk@k@]g@s@aBSm@,2,,,,
9,2,ParkRun ft. 맚캩p치novka 游,4924.2,1219,1219,12.1,Run,Run,1.0,8892754966,2023-04-15T07:03:51Z,2023-04-15T09:03:51Z,(GMT+01:00) Europe/Berlin,7200.0,,,Czech Republic,2,24,2,2,0,False,False,False,False,everyone,False,,"[50.7088964805007, 7.150194654241204]","[50.70919604972005, 7.150551052764058]",4.04,6.246,89.2,True,190.6,202.0,False,True,59.8,54.6,9542059375,9542059375,garmin_ping_269331069310,False,1,0,False,65.0,54425577,1,a8892754966,ynotH}qsj@[n@Oj@Yv@g@`Ck@hEIzADhBGZEFe@Nc@W_@e@}@mBeA_Ba@Iw@Bi@M_@Nq@xAsAfE{@zDa@`DAnAGtAQdBOpCYxCAVq@tDs@tAS|@_@`AWd@@n@FRJDvAGV@r@Rf@V^Bh@Vb@EtA_CPe@PeA?kAf@eB`@eANUVq@t@iAdAaARUrBwCr@sANa@Ry@\{BFcBGmAOq@]aA_@c@o@a@c@c@c@q@_@{@g@aAKOe@]a@Oo@Ge@I]N]h@Wz@u@hBi@tBq@|CWjC@bAGhB_@rDEx@GTM|@MxAGVa@lAq@hD]~Ag@jAKz@BPPD`@@r@Gd@H^LXXf@Hz@Xd@O~@cBPi@Pw@Ho@?YzA}DXw@DQ^u@pCiDfA_Br@qANa@XgAXyAHsA?{@Em@i@wCQsACcB?aATwBXcB\mBl@yB,2,,,,
10,2,P치te캜ek,67317.9,9067,12605,117.0,Ride,Ride,10.0,8890191601,2023-04-14T13:34:07Z,2023-04-14T15:34:07Z,(GMT+01:00) Europe/Berlin,7200.0,,,Czech Republic,22,36,4,1,0,False,False,False,False,everyone,False,b12280237,"[50.75436444953084, 7.010175883769989]","[50.75363354757428, 7.01100611127913]",7.424,11.278,,True,127.5,183.0,False,True,102.2,48.6,9539344399,9539344399,garmin_ping_269237115982,False,15,3,False,63.0,54425577,1,a8890191601,_ixtH}yxi@qAsNyBqJoJaS_DcL}HqTuIoP}EgIiOiZ{DyI{EcNiJuS|Us^tBiGzDmT{CwH{AcBiDwH{B_AmB^{CrBg@Aa@y@q@wXnFkZKq@s@{@MmAnXyaA`IwTnGkM`@wBhF_KnA[`@y@lCWdAgAzGyOl@sCjTcb@{DaSNo@~J}KrEwDvWcMx`@sJvAkAjBi@tc@cJ~QsHlGuAtHaEn@cAdG{DxFgF|E{FzIiNbOuYdFqOnCyKtCePbFub@|Fka@rCkOtFy^lKo[fJyUtIuPzNqSz[_Z~G_EjXaKjPoDxD_C`n@kWjE}DxIaLl]y]xt@gl@tBwCzA{@xBcCjLmIjPmQpUuSpJcLhHiF|OkPvEaDhPuAxW\h@a@nOSrVrBhECxVwGvGmEdCu@`EsC`Hu@|WPf@bAQdEPVlWEnKbEtCA`MiGNXv@c@^y@zIgEdQ{B~ReGl]oAlEbBzEjDdDvCrCnE`FbErMdAxKw@tKeEhHqFbUqW|KkQtL_VzBuFpD}WfBmRHd@a@rH|DhGwBvDgFxLxD}GrB}FbAaAdByDq@Bd@Bn@zADt@Ub@L`@fAkAw@|Ak@?g@n@{JrQ?h@z@dAFr@[lB_ARv@@\qCGo@u@g@Iu@jEmGj@kBzEyII_ATH}@yB?m@HNaApCo@^oA_AeByCNmK^gAyHbn@_CxFaLjToLxRkWxYkJdGyGvB}Lt@_H_@uD}@aKmL_DqCaHkEkB]{\~AqSdG_ObBcYnNmD`AkBG}LiEmU`@AgEq@kAaVy@oIv@iCdAyAzAiANkIrFiUdG{DHkLuA{JYoQj@iYSeNvAqDtBgOfPkKfIgH`JuO~MgW|WgMbJoA|A{FvFgZfUmZbWoVpVcLbNqHhHyn@rWoDbCsDVgIxB{X~JyFfDuQzOaG|FsIhKiMxS}HrPcEvKeLb^sFd^cDxQHT|@s@uAzGEhMiAjIk@jBqB|NiDfIcFjY}EfQwCjHuJfR}KpQyH~IiExDqHpFmGjDuClAiBAeTtI}K~AiX~GeD~Asb@zKiT`KgDfCeKtKyCrDwC|FiBrFqCnLNpAnAbCxADz@`BCj@eGlLWlBkHhQuBbAaBdDiA{A]ToEfJq@rC{HnOmGvQuXpbAtAzCuFb\r@xXjArFHtFjEhIfBmBrDsGx@Kt@|Ap@vEeBpCTnBGbA}@dCa@s@WwCbIiI^TwDlS_C`HaVh^tIfR`IzRhBbFbJxPxDxIbP~YhIjT`BhHrAlDtHdO|BjKdA|Ih@fHKnG\|Fp@jBAn@h@?h@fBt@{@,2,121.4,1100.6,False,12.0
11,2,N치kupe,14957.5,2686,7455,34.2,Ride,Ride,10.0,8873086291,2023-04-11T15:33:49Z,2023-04-11T17:33:49Z,(GMT+01:00) Europe/Berlin,7200.0,,,Czech Republic,5,24,0,1,0,False,False,False,False,everyone,False,,"[50.70868358016014, 7.1289684902876616]","[50.75354151427746, 7.010844592005014]",5.569,11.06,,True,110.3,135.0,False,True,66.5,49.6,9520702276,9520702276,garmin_ping_268757907997,False,1,0,False,6.0,54425577,1,a8873086291,mmotHq}nj@eC~B}AnAmApAiBrBc@l@{@rB@H?EMHa@h@u@b@cAfAiAxA]ZaBnB_CfCc@^KBKMKSE[MWiDjEuArBkCjDkCvDqApB_BxCm@bAwAlBiBjBUGSLMn@o@p@qAjAoA`A}@d@_Ax@gCfBkFjD]NSXSNcDrBsBbB{EzCo@ZwDfC}FjDsBtAqB`As@`@UPM?uBpA{GhDkEhC{@LoBr@?DGFq@^q@f@_BbAgBvAcAnA]ZsAz@KIOc@A?AFBRCTGJqA|@UREPIL?HJf@NrAVvC?PCJWVyAfBk@x@SPeAhASXADMRG`A|Xuh@WeAUcBKuAEiBKa@ECK@g@TsFdAEDeB^qA^mFlAiBd@kB\aB`@aD|@a@V_@ZyAf@}LfCkA\qCn@{C~@cA`@sCz@iC~@yAn@yLrFsD`CgBzAYXwAdBiDnDy@dA_CpCc@~@y@lA{@bBcAxBk@|A_AfD_AbEk@vBOv@Jl@^|@lAdBPHd@WPDz@tADXCZuCjG}AbC[p@ELIbA}A|DuCzG[fAU^]j@SJ_AVSJaA|AI@GCWWKEc@D_@CS^sBvEcBzCWz@M|@K\_A`BSd@kC|E}BrFyCxIqAdE_FvPc@nAiCrK_AnCu@tDs@fC]zAiDvKaAlD?DTg@^`Ar@r@DPkBhKc@tBO~@sAbHC`@\|NZjJv@|CR|ADpEX^d@dAx@rAz@nBnCbH?HGJa@f@}AvAm@n@G`@b@fAdAzBXt@Fb@Z^l@hAb@|@?F}KzO_FrHJRHHRb@H^D@BF|@vBxBlEbBpDt@jBxBpGxAtDb@~@JLj@~AdBpDhCfFbB|Ct@hAdAtBrAnCbA|CZXVXpAfCr@|ADDNDBDBPRd@zBtEbClEb@`ATLJ\hDdJfBlF\v@\hALn@v@fDr@nBh@nAjDpGpAjCv@fBp@rBLh@Fx@l@rC\rCd@nEZpDNrCAfC?|FDd@N|@Tt@Xv@D^ERD@VIHFb@`BLJPEDG,2,67.7,181.9,False,
12,2,DPNK,14428.4,2183,2370,36.9,Ride,Ride,10.0,8870429166,2023-04-11T06:02:47Z,2023-04-11T08:02:47Z,(GMT+01:00) Europe/Berlin,7200.0,,,Czech Republic,4,25,1,1,0,False,False,False,False,everyone,False,,"[50.75443737208843, 7.010027691721916]","[50.707719745114446, 7.12958799675107]",6.609,10.601,,True,122.5,146.0,False,True,66.5,49.6,9517903762,9517903762,garmin_ping_268696629028,False,2,0,False,6.0,54425577,1,a8870429166,iixtHwyxi@GeAAg@JO?OO_ASoBYwBc@uCw@aDy@wC[{@i@mAoAgCsCmFeA_CSi@i@iBm@aCMy@I[m@_BeBiFaDkIU}@K?KKc@u@uDeHuAqCIWEYQABEw@eBiAwBu@aAo@gA[cAgDeHi@u@uFoK{AgDKe@Oa@g@w@i@oAcCsGkAkDoAoC_AyBsAgCy@eBKc@U_@Qg@Ei@GIGAGKCO@EdAcB`DoE|A_CdH{JrA{BlAoCbA}Cn@uCh@aDx@{Fj@mC@WW]aAoBs@uBYc@cA_AqDcIQ[g@UcA]a@BwA^yAjAm@X]HYC[a@Mm@A[c@iTCaBFg@dCkMfB_K?MGSw@s@IMEOAw@XgAbEyMjDeNfE_PlF}QvAiEpC}HpAcDtAqCjDqGRkARw@Tg@p@eAnAiCtA_DDY?OBPId@DJ|@pAN@R[`AyB^a@Za@X?f@OTYL[b@uAvAyCbDqHJqAL]lAkBnDiHdIkOr@uAz@yBBe@SsAaAsEy@sCs@uCEs@@MZe@jDcD~A}AlBuB`A}@fDaCjAs@vAu@NC`Bs@zHoDhC_A~BaAtAWnEuAbCi@bBi@jAWfAOpBa@jB_@~Aa@rAq@lBo@lBk@v@MhD{@fB[jCo@x@Y`AWpB[pFmAZ@f@CvAa@rC{AfE}A^QpEaBt@S\@r@HZIf@SlIyEhB_AdAs@f@[LEPHJVXjAz@pC?HDHLTB@NAvHoFv@]hBiANMxBgAjFiDhEwCnBgBfCoBnBuAbB}AhBqBrBcCPITP@E@a@P}@Kk@IOGCEK?QPc@l@}@nHsJ|F_IB@Lv@NXRXTILOJSJe@Xc@lC{CnD{EZ[fBiAHUPcA\g@lJ{JzDuD,2,104.6,228.3,False,
13,2,Oklep치v치n칤,10083.4,3157,3535,139.9,Run,Run,0.0,8860244313,2023-04-09T12:44:37Z,2023-04-09T14:44:37Z,(GMT+01:00) Europe/Berlin,7200.0,,,Czech Republic,0,28,0,1,0,False,False,False,False,everyone,False,,"[50.753804203122854, 7.010670248419046]","[50.75264775194228, 7.00738538056612]",3.194,4.327,83.7,True,163.4,185.0,False,True,167.8,55.4,9507091126,9507091126,garmin_ping_268399848854,False,0,0,False,62.0,54425577,1,a8860244313,gzwtH{}wi@h@rAp@rAb@Pt@p@\LPNBFFX?j@DP|@xCLl@?NTXDj@Nl@[l@IX_@h@m@Vw@v@?FTj@l@t@xAx@p@X~@v@N\Rn@Lj@Ph@Th@JH`@W|@EPOBmALo@X_AZk@\c@fAs@n@k@`@[RMr@k@ZKd@FX^LHd@fBZr@ZbA`BpC\jAFh@Lf@x@fCr@jCN\XMNW]h@IR?NNtBDJBBLE^c@pAyC^_@tAaAh@QXSVEV?NHDRCZoA`CGPK\k@vCWzAIZAp@MvAMhCNp@Xd@HFRKd@wArAuCd@u@VQc@n@[j@iBrDUn@?PJ\bC`FNx@t@|AXnA`@hAh@lAAR}AnEC`@DP~@dAZz@r@hAb@fAVf@b@h@Pp@V`@^Pb@Hn@ZlAz@RX|@t@`@Vp@h@\R`@f@Vh@\vAnAnCf@x@f@b@rBvAZX\R`@\`@VrBx@p@h@p@ZvAhAb@VvB|At@ThAh@bAz@lDjAtE|C`@PZ\b@\`@b@hAv@xAh@z@h@d@d@jAl@p@t@h@b@rAxAvArApAbB^n@~AfD^~@Vr@|@vBLR|BxEd@v@Vl@\d@`AvBl@pBJr@Dx@Er@Qp@gCp@}A~@oAf@}BrAm@JyAi@e@Ig@Lm@GgAo@IIq@{@a@w@q@qAo@wB]q@{@kASa@]g@Y{@k@oBM_@s@}Ay@sBc@o@]m@k@e@a@SkAc@u@a@m@Mw@B}@JyAh@aAR]PILM{@Y_@q@q@cA{A[k@U}@ScA[c@}Aq@e@[SESWaA[q@c@KC[UeDaBo@a@oCqAw@[o@]g@a@cCkCYe@Ww@u@eBeAkAc@q@eAaC}@kBcC_EcC_HQo@KU]gAg@iBgAmDSu@sAmGUw@i@wBYyAUu@i@yBSaAi@uBWiGc@wD?gADkA?_BMMC?g@f@EAsBoE}@}BmAqC]aAQs@B{@Pk@r@}@Rg@Gk@]]i@a@e@IyAh@[Fm@Ow@o@S?_@F]VYT[`@_@\_@Ec@Yq@k@w@gBc@eBe@mCUu@Gc@_@]?GGCQYw@kB,2,,,,
14,2,Richtiges Expresso,35900.1,5066,8393,82.0,Ride,Ride,10.0,8854235283,2023-04-08T12:01:28Z,2023-04-08T14:01:28Z,(GMT+01:00) Europe/Berlin,7200.0,,,Czech Republic,0,31,0,1,0,False,False,False,False,everyone,False,,"[50.927301133051515, 6.972421193495393]","[50.75359733775258, 7.011003093793988]",7.086,11.303,,True,139.4,171.0,False,True,59.2,38.2,9500719889,9500719889,garmin_ping_268244943306,False,0,0,False,31.0,54425577,1,a8854235283,edzuHkzpi@qIrG_@f@eA^gAC{@f@g@QmD^aA`@eCPaBA{Fq@_@b@UjEBdIz@v_@Z~CdAbDLVr@Jx@n@LDDU^wHGcFxHD`CXzBt@~CZfKGvBSxC{@rCmBdHwGh@WxF}E~C_B`ToH`PkHxDoBZ[x@OnJmFHQDw@~B_A~@Q|FaEdT_QvKyJvHwHvI}JrLaP~@_A|@e@d@q@tCuE|CaG|EoKPEbCuDlEeFfDeFhHcJ?Sc@aA]kE?iA^qGEw@e@oBAk@fAwIzAgJtAXPe@ZuFz@y]bCqc@BgC`AwWJ}HGiDDoHv@wVw@sH[{@_@]OsAK_CNaFAsIW{Cc@sCx@yRVoCp@eEfCiLN}BpCkH|D}GhDaEbJgI~CaCrAm@pG{AnBAbGj@zHbDjI|J~ApCfF|L~BrGrHhVn@lC|DhQlBjMjEtS`CbKhB|GzC~ItFvMlFjLq@p@FDb@k@HzOpJrUNNxBwCZSfBW`CdAvCfCbAhA~GhKfEdFrDnDtHzJ~BlCpEpIbG|NtElN`HdWbIr[vDxM|@lEyAlA}M`IAp@lChKx@|AfAxAG^k@^S?}A}C}B{Gc@QYLAd@\tBt@xB`AjBbFfHdC|DXv@n@t@N?TWjBvAzAp@pH|AbHnEfD|@fCFhHgA|E?d]fEpB~@|ApAxFlH`BxA|BxAnBn@zBT|AEvAQx@m@QcB[y@k@]oBMg@SJwGNw@|DKhAi@v@aAj@wAnHmYb@iA`IoHjG_F^i@B}Ck@_C`@sA`AyA^qD`AqBUkADm@Og@?OLABKc@Z_@p@AQRw@`@w@`@c@f@Q\e@hBgGt@yDfAcKJqBvAoe@?gGZk]k@sSt@}M\wCfAyFlAgIh@qCnBwHfEwKvCiFtAkBzDyDlQuL~EuBpKmDxCw@lFy@tUgAlH@tUl@b@Hj@v@LDEbDFX`@^lGd@pCAzRoCjAP^ECmAg@yDFa@PU~B}@nC_@bHuChEqA|F{CxH{E`LaJbLaKxGwGzNwP`J_NrN_\rDuJzA_I`@eARBZhBh@v@^Q`AyAj@c@xAsCXUXTpEdLJb@MT{K|K]h@|AhE|ExKdCzDlGzMhEzLbBhDjA~CzF`LlDhG~@nBr@zB|@fA~H|O`D`GNHpHlSX`@f@|B`AzDdApCtCnFhDnHnBtG~AhKF`AST?Jf@hGQ~HLbCTjAn@xA?l@f@D`@bBPF^c@,2,116.1,588.1,False,11.0
15,2,Kolo칤n,23645.0,3378,4966,56.0,Ride,Ride,10.0,8853269572,2023-04-08T10:36:22Z,2023-04-08T12:36:22Z,(GMT+01:00) Europe/Berlin,7200.0,,,Czech Republic,0,21,0,1,0,False,False,False,False,everyone,False,,"[50.7535204757005, 7.010918436571956]","[50.927270371466875, 6.972407950088382]",7.0,10.592,,True,148.8,170.0,False,True,58.0,40.6,9499697498,9499697498,garmin_ping_268225585067,False,0,0,False,34.0,54425577,1,a8853269572,cbxtHq_xi@_@t@BJALG[MCGKQiAOa@QGSL{CfF}AbD[ZCj@NLFCJSJw@H_@l@yA?SGWgBqDMUKEKOa@}@m@eAWRSHi@AaE{@_Co@[FMJeEpFm`@bi@uBlC}@xAS`@Er@XvCJjBB|DQf@oAtBkE|GoBxCW\YRi@LkHv@cLxBwAP{ACiIk@oDOmAO{ACuG_@yWqFwBOaAFgAReKjCsFMKLD`@VtADd@MzB]lED`AAn@OBaCIkE?kAD_EXgGhAyNdDgFp@OHc@NqADyF@yQScDXiDd@uA\oANOPEj@DpBMh@[Zy@JcA`@i@d@gBxCiA`CkApCMh@m@vAqBbGeAfESb@Oj@wBdIeBnF_AfC{@lB{AbDQX}@fBmAlCm@~AEHOH[DIGSYi@}@yC{DqIuMmAaBiBuCcAoBcAiCuAaCUSMe@GEOJOf@a@b@sAtCk@rAaB~EaI|Sw@jBoBdF_@TG\Cp@Uh@gFbK_@^uAdC}@jAsHdJgBhBy@b@_@HqEd@c@MKIU[wAsCqCyLy@gEEAOJSB]YIe@U@qFjBsEpAeARQAEGM?MFSXSHiCTuAE{@KkAY{@][OsAaAg@e@sBaC{AqBqB_CgBuAwAs@mBa@mBUmWmCyC?oH^gCFs@CQKGKAB@DAF[As@M{@]kD{BeBaA_Bc@gDi@s@QoAk@iB{AMXSD[i@UI@PE\q@~BYh@_@f@e@f@y@l@eHxBaBl@KLY|@M|AENOP}CLgAJyB^sAHqLf@{Gd@gEDoCJgStAqBDQE[Xg@J{@LsFh@uGb@wBViFv@qGlAeJtA}ANaHdAcAFsGjAqDh@wJfA_Cd@yALcCn@gCRuATwBLiAHm@NQAg@_AgAeCwAoDy@sCkAkDgAuDiB}EiByF_AiCoAkE[{@uByEkCqEs@uBe@qBMs@k@wBKK_@mAa@eAmBaEmAoDu@_EQe@OIyJhGcAj@uA^yDj@aCTkBZiCN}A^i@\KNk@zA_AjDsAzFEFKd@OXQM_@mAWi@GK_@W[k@W{@e@iAq@mBe@kAw@wA_@Wg@IQc@]k@]NgAhAc@h@i@f@cLzM_GlG{BtBoFtFoKnJqNnLqDjCuFxDkChAg@XCH?JHj@CBqB~@yGvDa@Fa@XY@?JC?Om@gDaVu@{EkBuMGs@GGFA@DKa@]Zq@`@aK`H{ItF_Bv@cDrByCvAqAt@_A^}@d@,2,108.9,368.0,False,11.0
16,2,Vodhoven,10052.4,3167,3702,129.2,Run,Run,0.0,8849018600,2023-04-07T15:07:59Z,2023-04-07T17:07:59Z,(GMT+01:00) Europe/Berlin,7200.0,,,Czech Republic,0,26,0,1,0,False,False,False,False,everyone,False,,"[50.753774363547564, 7.010924136266112]","[50.75260592624545, 7.011002255603671]",3.174,4.517,83.1,True,159.1,184.0,False,True,168.1,54.9,9495227765,9495227765,garmin_ping_268102012046,False,0,1,False,46.0,54425577,1,a8849018600,ezwtHq~wi@t@dBZb@~AnA`@VDH?bARz@`A|CRx@d@jADVADUXo@rAaA~@Yb@DZ\`@RzANh@XhBPv@Tl@z@zAb@\XN^?TKb@e@^m@^Yl@EHBBCFQEa@BVNz@X^PDj@?lAi@d@ELBlAjAJT@h@Uh@{@~@Sn@a@zGB`Aj@fCt@vBFLd@b@hAbB^ZNGVo@Zg@j@gAZQLVAx@D`AEn@B|@HfAFZHxAT~FPl@ZxAZfAh@~Bp@lCn@tB~@hEx@dDv@nC~B~GhAbE\bAxAfCn@z@h@`A\`Ab@bAf@x@|A|A\h@Zx@^`BJPjDfDfAh@dBj@hAj@TPd@Vn@TXPd@N^TJDxAdAtDfB`@R`@ZZn@NfAj@pAl@~@^f@lAfAPTbB[lAg@f@Mt@Al@D\Nt@PnAd@j@f@rBzCXt@b@r@v@`CPr@l@zAXd@l@h@`@p@b@`Af@jCX`Ad@v@l@t@\Xt@V`@HXOh@Ib@LhAb@JBf@Wf@g@d@Wd@IdAi@h@]nAo@b@?zA[BEEBD_AE_BMo@Qg@aBwCKI}@}AmAkC{AyCk@aBsAeDcC}DqAaByAwAiAmAkAeAm@c@sC}Aa@]_@Si@_@cAm@UImCsBkAk@aBaAyBcAoBsAa@Sk@Oe@[o@k@_@UyAgAeAg@k@a@eBu@m@QuA_AyAoAs@g@e@i@[c@c@o@sAaDMq@Uc@s@y@a@Yy@c@[a@[S}@g@iDyB_@k@Q_@sBrDcAbCc@|AUXYz@OZm@n@S?KU?EY_@COM[iA_ECK_@kA}@kDe@{BQi@_@_BaAqEm@oB_@yBW}@]y@GwACiBG}Aa@cDCq@@qEMIC@KN]x@[d@[n@a@ZYS_AyAeAwAUm@Uy@a@cBIc@Eu@^gGNcAR]`@a@^g@BWG_@[a@s@e@e@A_Bj@U@OCICg@i@GSCcAD}@Jq@Ty@^q@^]LIf@a@f@[|@s@TIZ_@LCb@UBKMcAUo@QuAc@qB_@}COo@I{A]yB@WLc@b@e@@QUOM]Qw@c@][i@Wo@We@s@cASXuA|@e@RS?q@kACAQBe@f@c@l@[@,2,,,,
17,2,Evening Ride,15844.0,2794,4107,40.1,Ride,Ride,,8844363116,2023-04-05T18:36:41Z,2023-04-05T20:36:41Z,(GMT+01:00) Europe/Berlin,7200.0,,,Czech Republic,15,20,0,1,0,False,False,False,False,everyone,False,b11015698,"[50.70992125198245, 7.15213380753994]","[50.753455348312855, 7.010758677497506]",5.671,9.979,,True,102.2,133.0,False,True,61.5,49.5,9490340542,9490340542,garmin_ping_267969887372,False,1,0,False,6.0,54425577,1,a8844363116,mnotHsrsj@qAfD}@zFOpBAz@D~APpBJp@Nl@NtAAlBOzA{@hC[p@q@dAaB~BeA|@_@`@gAdBcApDe@hAGp@k@xBYf@Kd@EdAB|@l@jBRvABf@Gl@Wz@e@`@MTGZE^Cr@JbADNf@jAFX@ZAXId@IVc@t@GFs@^U@_@Aq@ISN[p@MLYJG@OCYM]B_@VCTEDe@R{BzAa@r@wC|Mi@nBeAbCWfAg@l@IXaBrJi@pCo@vCsBbIgBzFmAdDiB|DiAzBgCpFiC|Es@jAaBpCwC|EeDpEwDjE{@z@eCxBaB`Bu@XSLaCxAwDfCWJ_@VARIJiAf@yC~AWFy@Mc@D_@Tc@NgBh@eGvBoAj@_Aj@}Aj@c@LiAPi@R}@EaBd@cGtAa@JQHiDt@eCb@sBd@eCn@_Bl@_@R[\o@RwB^aB\yNlD_EpAeAPyCdAm@PmBv@cCxAwHpDuChBwAfA}AvAmH|HeApAMV?^Tl@j@pCb@hBfArDd@|@NjAMj@aAzAe@bAgA|AsB`E{BzDkEzIuBhDOjAOh@uGvOU`@SRc@RgATMTa@fAGFE?WYMGg@DSEE?IJYj@i@pAiAbCwAbCUx@WvAiAjBkBjDk@jA}BzFiDzJcA~CuFxRkAtE{AvFqCdLwB~GOr@mBfGEV@TXz@f@d@f@p@tE`H|K`QhAfBxDtGbCpErBpD\d@LDRSpAeCTWv@{A`AaBRT`@`AEfAEb@EF?EiKtHmApBi@t@qDlE_@p@[\GTGl@g@~AS`AiBnLy@tDm@jBq@`B{@bBoAvBq@z@yL~PoAlBg@`AX`@Jb@dAhCdB`DbClFx@lB`BdFrBfFXl@`@j@^rA`@x@Xp@tGhMd@p@r@pAhA~Bt@fBJ^dCfErAnC\b@L`@nCxFnDrGDAFKBAEFAHF\L^P`@b@nAfBjEbBbFh@pAZ~@L|@tAbFbAdCpChF|BvEf@hA|AdFZzAr@tEj@~EDr@EGE@CDCRVzD?tBOlFR`ANxA^tARTATGZ?BHFJGLAB@ZvAZTVWDI,2,,,,
18,2,Morning Ride,15045.3,2468,2873,40.5,Ride,Ride,,8836509066,2023-04-05T06:03:39Z,2023-04-05T08:03:39Z,(GMT+01:00) Europe/Berlin,7200.0,,,Czech Republic,11,18,0,1,0,False,False,False,False,everyone,False,b11015698,"[50.75497389771044, 7.009741365909576]","[50.7078134547919, 7.1295074466615915]",6.096,10.472,,True,153.5,175.0,False,True,66.1,49.5,9482079337,9482079337,garmin_ping_267757654159,False,1,0,False,33.0,54425577,1,a8836509066,mhxtHkzxi@G_CeAsHi@}CWoAq@_CmAcD{BuEY_@eBaDm@mAuA{Di@yBi@gCe@gAiBuFeCuGc@cAMk@UIsD}GcCcFIc@SAa@aAiBoDeBeCWkAuAsCaAqBs@_AoFoKqAoCSo@CUKUQ]W]Q[y@sBaAqCwAkEgAgCc@{@y@kBsC{Fq@cBGe@QSU@EGNAf@s@l@aAfD}EpC_EtAuBpC}Dr@eAj@eAf@kAjAiDz@mDxAsJl@eDb@sADc@Q@GFkAvAFE@S~@eATQRK\]Vi@vBeCxAmBbBmC`AmBDW[sAGMiEkHuDuGyIgN}BgD{EwHYo@kAw@SSOUMs@Bc@zCmJzAcFdIi[jFeRp@wBp@eBDCB@DFGM?OpAyDxBsFdAiChDqGp@kAJc@Hw@Pg@Te@TWx@yAzBoFLGTDf@I~@yAHARNZNZa@`@Gp@a@\i@~@aCfAgCbDkHC?@WBa@DQjB{Cz@oB|BuEx@sA`HsMf@sAn@oAj@aAVYnA}Bz@iBCCCR[f@c@|@aAdB_@d@K@Gg@AaAFc@NYn@m@P]i@iB@GDK|@y@q@f@W`@e@f@sBjBE@[o@i@aC_@iAGKBQEQIaAJa@X[vEyEhDsD~CmCxCiBd@Sx@WvDgBhBu@pAq@fBq@nBo@tBi@fBs@|E{A~@KvBe@xBi@bCg@pDw@x@[j@a@`G_Bv@WpAWr@WzDo@z@STMx@[x@OtD{@|AW|@U`@@d@ExAc@|C}AzBu@rHsCt@Qt@JJ?x@UfFsCjBgA^Y\m@ZWpAu@`Aq@dAm@vBwAzFqG|AoBlBkC~A_CrA}BZe@fCmEjA{BzEqJhDoHvA_Ed@_BLSNENF|@|@t@n@xBhAn@J`A@dAWfAq@zDgFTQFHh@pBnBhGDBHERWDCBB?RTn@@BP@^[v@w@xE{FtCaDx@o@HAPMh@}A~ByCvEyEhGeG,2,,,,
19,2,Domm,15248.1,2459,4277,26.0,Ride,Ride,10.0,8832360880,2023-04-04T16:25:29Z,2023-04-04T18:25:29Z,(GMT+01:00) Europe/Berlin,7200.0,,,Czech Republic,0,17,0,2,0,False,False,False,False,everyone,False,,"[50.70776743814349, 7.129231095314026]","[50.75356397777796, 7.010833360254765]",6.201,9.759,,False,,,False,False,71.0,57.0,9477722666,9477722666,garmin_ping_267636573304,False,0,0,False,,54425577,1,a8832360880,ciotH{aoj@mC`CgF`FyDdEc@r@KIMQSDAKOc@E?g@R_@b@[r@oA|AkAhA]d@kCpCaBjB]r@ERMRGBo@sB_@s@y@uCg@uAYkAs@{Bm@wAY{@OkAg@{@[mAKo@?Qx@_Bv@mABM@m@O_@Wi@aA}BOU_@w@EC_@VYDQ\uB|M_BlIyB~Hu@hCaAxCoA`DiAfC}ChGeApBmAhBe@dAw@zAaDrFgElGw@fA_E~EsBrBoD~Cm@`@}CfBu@l@OVyKzFKDa@Aw@IMDgLdEqAl@iAr@u@XcAVwB`@kAX{B`@}@TgKzBu@RaH`BSJqBl@g@d@m@P_Cn@qAV{A^{EdAkAR_Dz@uDhAs@P_Bl@uAb@cBp@{JzEq@RmAn@eBfAuA~@cB|AkHtHqA`Bu@p@AJ@@XIHXDn@LtAt@vDXzB`@hBFf@@PKR[`@C^OdA}AxDwA~CwAfCuEjJqBfD[zA]bAgA`CuB`FcAxC]f@_@N{@P[^k@nAQ@_@W}@LOIYb@i@jAi@bA{@jB{@pASj@Oj@Kz@aEhIgA`CyBtFgE|LyDrM}EnQqAnFcBbGoAhE?Fl@cBVKQRQNc@rAoC`JMn@P~@`AbAlAjBPRNZfFjIbJnNrBhDbDvFhBfDtA~B?DaB`D}@|AaAvAwCrD_AvAE\Qt@a@pAg@fCkAfIu@jDi@dBg@tAm@xAsAbC{ObUaBlCC@X\Jv@Zp@Tp@rCxFpChGjBrFx@zBn@zAl@rAX^\hA~AjDhF`Kv@dAv@|A~AbDXv@XdAVp@j@l@PZbB~CVl@FFLRPh@pB~DbCnEr@vADFJDJNRl@Zt@fCxGtBdGLNVr@FVDn@v@~Cj@bBbAbCnDxGzA`Dr@nBn@rB\tABt@bA`It@xIDhCEpAKbB?n@LtBFf@d@hB\n@@JCT@FBBLET@J^LbAJPD?ZYDK,2,82.6,203.1,False,8.0
20,2,Hokna,14497.4,2281,2673,33.0,Ride,Ride,10.0,8828831458,2023-04-04T05:57:15Z,2023-04-04T07:57:15Z,(GMT+01:00) Europe/Berlin,7200.0,,,Czech Republic,0,25,0,1,0,False,False,False,False,everyone,False,b11015698,"[50.75345710851252, 7.011071909219027]","[50.708339251577854, 7.129831239581108]",6.356,10.187,,False,,,False,False,37.2,21.2,9474000836,9474000836,garmin_ping_267554751409,False,0,1,False,,54425577,1,a8828831458,gbxtHw`xi@Yr@SZG?GIE[S_BEMu@mAa@mAGWOmBA]BsAJiCBcBA}@Au@OwA?QCa@Mm@c@yD_@iCi@sCk@wB_AsC}B_FyDiH{@yB{AuFIs@Sk@Yi@iC{HiByEi@oAIc@OECE[o@Yc@m@mAaAeBuC{FG_@QEYg@Og@_AoBUa@o@{@i@aA_@qAQe@qCqF}@oAwAkCmDgH_AqBUaA{@qA{BeGsBiGmAcCg@qA}CuG[{@Ue@G_@CU@[LYz@{AfAgBxFgIrAeBtBiDnBsDfAoCbAqDbAiF@MIO@Qb@}Cl@}Ch@eBFo@f@q@N]RWzD}E`BiC~@iBJ]]u@CYMe@sAkCeGmKsAyBqDyFcD_FuBkDaCsDk@cAK[MOWCcAaAOu@A_@rCqJvAcFlAuEjA_EhCiKxAcFd@iBbDkLzEaNnBaFzCoGzAoCJc@Hk@Ty@tA}BjCeGJEJFr@OTYXm@HCTJV@^Ur@Qj@i@zAwCzE_LJWBq@DSP_@pAwBhDaHDWMi@o@kAEGQC]PI?_@]}@aBc@uAJs@`AoEhBiHf@yAl@wA|@mBvAkBxF_HdFwFdBaBjBuAzBqAXOdDoAjIyDjA]fBm@zA_@vCeArBo@tKeClGqAr@Yx@m@LEbB[~C_AzD_ApE_AhA_@dDq@bAYfCg@h@Il@?l@MxAm@fBcA|Aq@~CgAjCeAfBo@ZCj@Jl@GtAq@rEeCvAu@XUVm@HIfDmB`BkAhD}CjAiArAyA|AmBpBoC`BeClDaGnEaI|CeGbDiHzA{Dt@eCTWZPzCxBN?PF^VhB^h@Cr@Qf@Ut@y@`BuBjA_BDGN@NRjC|IHAl@[xCqDxFyHRe@NON_@\WhAk@pBuBPW`@[dHkHxAsA,2,,,,1.0
21,2,Verabschiedungsgruppenrundenlauf,9844.9,3110,4053,142.5,Run,Run,0.0,8798648276,2023-03-29T16:11:48Z,2023-03-29T18:11:48Z,(GMT+01:00) Europe/Prague,7200.0,,,Czech Republic,0,36,0,10,0,False,False,False,False,everyone,False,,"[49.226578027009964, 16.57237423583865]","[49.22710717655718, 16.570655861869454]",3.166,5.867,84.9,True,157.1,176.0,False,True,307.6,295.3,9442231101,9442231101,garmin_ping_266671472468,False,0,0,False,48.0,54425577,1,a8798648276,gwmkHakcdBa@Jp@?bAu@VI`BwAt@g@~BaApBsA`@]Vk@Fs@Es@k@uAYYa@Ie@FwDlC[ZWf@sBdBgCjBUx@Al@Fn@Vl@`@V\B~AgAVY_DzA`Ay@bC{AoE|CNApAkANYJ?FOLITG`@_@Pi@Bw@Ig@KS]We@DqCpBQROh@Ad@@VPf@RRVF^GfD_CLU?_AE[Ym@a@Q_@HuCpBWr@E|@Nh@b@\b@A|CuBPWDUBy@EYO[OUWIi@NgB|Ao@`@MNIf@Dx@Pd@DF^Nj@IfCiBJKVm@?{@Qu@]Wi@@wCtBQXGTCb@@ZJb@PZ`@NNCXKxC{BLc@@m@Io@[i@a@M_@LiCtBOVOx@AXFd@N\NLb@B^Or@m@|AkAHQJm@I}@Ye@g@MYHcD|BKZCr@Hn@Xb@`@Ln@Qf@[lAaAZe@Hc@@[Ec@Ma@KO_@OWD{CxBMXGXE^@ZNj@LN\NP?d@UhCgBHOHc@@y@Km@QWi@Q]JoAx@aA|@Yn@C`ANl@LN^NXAbCeB`@c@Pi@?UAe@I_@QYOKa@Au@`@sBxAOXGn@?h@Pd@XXd@HVIzB}A`@s@Fs@A[GY]i@]K_@Lm@^aBpAUl@Cn@V`A\Vd@CdDwBN_@Ho@Go@Oa@Y[o@AmCrBYh@K~@Dd@FTPVXJ`@AVOnAeA|@_ALk@?e@I_@Sc@OKMCa@FeDfCMXAL?r@Lf@^d@^Fb@Q`@Y^_@t@g@Zc@Ly@Go@Ym@WMY?qClB_@`@GTG`@Fr@FRX\f@FXIvCqBN[Dq@Gm@Qg@UW_@A[JoAx@cAfASt@Bp@Tr@TL`@B|@i@hBuAHOHc@@[Iq@MS[[_@EYJ{CbCMjAHh@R`@`@R\?f@[~@}@x@k@Ro@@e@Ec@Qg@_@U]@uCtBQRIPG`@@b@F`@Rb@d@Nd@OtCqBLWFi@Ai@Qk@UYm@OgCfBa@l@Ox@Fz@\j@f@FbBaAb@]XWVc@DU?q@Gc@ISKOWMg@FcCjB_@RKXGb@@b@F\J\d@`@xCsAh@GjBmAjAc@vCqBb@g@Ps@@}@Q}@Qe@Ya@a@O[A]JoCnB,2,,,,
22,2,V캩tros,7905.3,2286,2289,7.7,Run,Run,0.0,8786408343,2023-03-27T14:30:22Z,2023-03-27T16:30:22Z,(GMT+01:00) Europe/Prague,7200.0,,,Czech Republic,5,25,0,2,0,False,False,False,False,everyone,False,,"[49.18078215792775, 16.60474045202136]","[49.1808972414583, 16.604611538350582]",3.458,5.265,84.9,True,160.5,173.0,False,True,204.3,196.5,9429379488,9429379488,garmin_ping_266336196661,False,3,0,False,42.0,54425577,1,a8786408343,u`ekHyojdBH}@DUBu@ACf@cBP}ANs@Lc@^}@^q@~@aAz@q@xAeBpBkCfAmAZg@d@o@P]RWz@wA\iAf@_@Zi@j@a@V[`@}@rBgF~@sBbAmBfDoEXYb@UpAYNM`Bq@NK|@Ep@MfEsAnAYj@Q`@C|AD`@SVOlAe@rCg@v@MLYs@gE?SR_@Za@^[t@m@hBgAVDVf@Rz@`@d@r@Tf@Kb@WpB{ApBaBfAcAd@MvALpC_@~A_@h@c@f@SbAg@`BqAd@o@n@c@`@QX[dCWb@Sn@OrAOd@OzAQhAHfABb@Fx@RXP^Id@El@JlACv@Fb@?p@KxAAd@E`AOn@GlAc@XS@WEa@[_BUQE?e@VsB|@k@LyADaACuBU[AmBBaASqBFk@CS@m@NmAIa@Jm@j@a@Rm@LYB{DpAs@h@i@V}@j@i@Xc@\gCfAs@^{@Zq@Le@Ai@Ba@N_@R}@G_@?e@LkBHkEl@e@BcCn@}DtB[l@_@d@kAtA]RKJSTa@t@u@v@q@Zc@LSRc@Xc@TCDe@TEBY@y@l@_@b@a@Xo@L}@VyABg@HCDAJHz@?|@ELIHo@Rq@f@KDq@Fm@Tk@NuArAmAdBUj@W`@qCbGmArB]b@MH[^Yj@a@l@{@bCu@fAYj@qBbCa@^c@j@uA~A_AtAgAbAm@d@]d@OZg@xAS|@Kr@S`B?x@@RFR,2,,,,
23,2,망imec,0.0,2559,2559,0.0,Workout,Workout,,8786407090,2023-03-25T07:16:27Z,2023-03-25T08:16:27Z,(GMT+01:00) Africa/Algiers,3600.0,,,Czech Republic,0,12,0,1,0,True,False,False,False,everyone,False,,[],[],0.0,0.0,,True,140.7,174.0,False,True,201.4,201.4,9429377991,9429377991,garmin_ping_266336165276,False,0,0,False,14.0,54425577,1,a8786407090,,2,,,,
24,2,Pracovn칤 s칤la,7849.1,2624,2707,12.3,Run,Run,0.0,8770056404,2023-03-24T15:16:56Z,2023-03-24T16:16:56Z,(GMT+01:00) Europe/Prague,3600.0,,,Czech Republic,3,25,0,2,0,False,False,False,False,everyone,False,,"[49.18259424157441, 16.605791375041008]","[49.180660620331764, 16.604729807004333]",2.991,5.602,82.0,True,144.8,164.0,False,True,204.3,196.5,9412027612,9412027612,garmin_ping_265863189573,False,0,0,False,11.0,54425577,1,a8770056404,u~dkHqzjdBd@mBZw@h@y@tAqAtBcCz@{@V]r@o@bAgAfBoC\c@`@w@TeAx@cAXQt@gAV_AtA_DZc@x@qBv@yAZe@d@i@Zi@fBaCb@Wr@Od@Cf@On@Yn@QhAY^GpDcArAYrA]NAxA@d@Kb@Wh@SdAYbDm@L?JM@Mi@sDAs@bAmAr@a@jA{@j@[VFR\Pt@\f@`@Vd@B`@QdCiBhEoDZG`@E`@FFFA@q@p@e@MG{DC?c@V[RMDk@JgAFm@J{Db@c@@qBf@m@Zy@j@w@Zi@d@a@n@e@Z_AjA]TURq@hAu@t@u@Zc@\}@d@GF_Bv@a@`@[Ne@N_BVgABYBSHFbCDFJ@`@KfAa@`@Gl@Sn@Md@QZOhB_@xBClB{@pB_@`AK|@SBC@MEi@_@eCG{@NY`@c@n@k@rBqA^MVNf@vA\`@d@NH?d@IpCiBbBuAb@Sl@STCFDDCAuBAq@C]IC_Al@UDcAFaAJqAPYHo@Fu@Lg@Bq@Rs@Nk@To@Zw@h@_@POL[h@cA~@Wb@[\e@\]j@q@x@i@h@i@NYPc@`@wAn@i@LeA|@YRaCb@mBFi@DKB[Tc@Tk@R}BpAc@Nm@Za@J]tAe@b@]d@{@dBoClGwApC_@j@Mb@YVEHQh@Uf@iA`B[j@}@fAOVsA`B_@h@o@x@aA`AiAvAa@b@c@Ze@j@w@nAaAjBWn@UfAWjBI|AK`@@tDCvGIr@GD@BNJ,2,,,,
25,2,V캩tr치n칤,3810.4,1374,1399,43.5,Run,Run,0.0,8756629362,2023-03-22T07:35:57Z,2023-03-22T08:35:57Z,(GMT+01:00) Europe/Prague,3600.0,,,Czech Republic,5,21,0,2,0,False,False,False,False,everyone,False,,"[49.234078573063016, 16.52437962591648]","[49.2320916429162, 16.525336168706417]",2.773,3.632,82.2,True,151.3,165.0,False,True,255.5,214.4,9397935083,9397935083,garmin_ping_265504076726,False,0,0,False,10.0,54425577,1,a8756629362,kxnkHuczcBTlATxCRpF@~@Gp@GPWd@CFFh@C@CT`@n@~APp@DDH@hDD|@Ft@X`AX^`@Zh@Hb@Id@a@b@OFGZi@\_APSj@PVRf@f@r@~@h@`@dAp@T@^[v@W|Au@dC{@`BeArCyAVBFYn@q@Nm@E_@IWc@m@?g@Cu@@k@CgA@[@eBVk@DeA@iADeACO?kD@YFU?e@ImAQqA?m@EwA@{@N{@?eCCs@?OJMIgADw@Vy@Zi@dAcDh@kAH_@Pa@`@}AVq@Xi@\YXi@CK_@IiAMg@Ok@Ky@Ge@MKAg@KsAEa@OG[OoCMq@EEG?WRY@UJgBzA{@x@Qe@]a@_@O]F_An@SRwAr@{Bh@sAf@u@Ra@Tk@p@Wh@Sl@QtACrA,2,,,,
26,2,Lucie dostane pouk치zku na novej z치jezd,28167.2,4999,8689,324.8,Ride,Ride,10.0,8754303571,2023-03-21T13:54:04Z,2023-03-21T14:54:04Z,(GMT+01:00) Europe/Prague,3600.0,,,Czech Republic,7,29,0,2,0,False,False,False,False,everyone,False,b11015698,"[49.22112861648202, 16.53656934387982]","[49.18406023643911, 16.56210615299642]",5.635,12.94,,True,118.0,138.0,False,True,294.9,199.8,9395523555,9395523555,garmin_ping_265432497513,False,2,0,False,14.0,54425577,1,a8754303571,}dlkHyc}cB~AqE|@uDf@mDh@kJ?{DO_DgBgTKgEHwEZeDz@eE`A}Cn@wAXWiAkA_AgBUJWg@_L\sBWg@m@kBaF_AqAe@g@kAOcA`@oBfByBtACp@V|@[dAeCxDq@fB_ABO]RZVB|@[r@qBjCcELe@[gA?c@|AaAzCaCr@OxALnAu@v@MdBTdDxAtGOf@GVWRy@I{JJ{Hb@_Ad@SfB?j@ZRSLkEViDr@cBtDiFv@oBj@mCMgAyEgMcB_HgDwRQaC_@aAo@yCEqBwDk[Gu@DG}AeLu@{B_A_AKuB}@qCJ]pDqBy@_F@[fLsGCkAkFsZIUS?kEjCM\NlBb@v@rAlImKhHk@DCNlCtNxFhVlBhJPfCNbLP`Db@rCb@bBxBrDJ@N[`A_F`A}Cd@M|EFlBbAFVk@hCBf@bTlLd@yAlAqBtAqEp@y@jQ`PtA|@rEjBK~@FJdCv@HZc@`CtBpA@t@tAd@jEdC~@t@tBrCfCh@|AzArAg@vDQtEPxHnAnGi@bELb@m@PEbFPxBe@bAm@\lALSO_BNShGgB~CfB|AA~C`AtFzBf@u@Gs@Tq@jDoBrAoArDoE|CuC`AiBxCkElDyGtAmAl@iB|CuFZaC`@kGRk@xAo@H[M_AwA}BKs@JmCEm@uByMsAiJsC}GuBeG_DwLg@iMNiIb@oD{@eD[gCl@SZk@Hi@v@yNp@iBbEsGVMZeBf@{AZ]lA[FSJ_BI]aAm@_CaCAyAv@mBZwENy@`@o@?eDDU^MEOwAu@@sBFu@b@eDz@gCv@qAfKaL|AyBlBsDbCqD`FuKhCyD~AmBhFgBMmCIGyJrEUlAgBtCmIzQaJzLsF`GuCpEa@vAc@~DUYSsBe@LMfAUf@RxAI`@@p@}@bAgFfP[f@[?aE}DwI_LgB}C_DiEo@[a@ZOx@i@hEUhFQrASz@m@x@eAA}AgAW?oBb@oH|BqSdEyAa@}Bx@o@sAWH_FjJsI`OgIfK_IrLcGfIq@rAsRpTqAvBu@rBk@nC[pCN|@dG~CbA~@Vr@h@jF`@bBbD`H~WjFp@@jB_BNJ|AbEnGqGxVqSdAg@`G{@V^d@JPRDb@`@tL`Abc@\z@jIxFr@~@gKtc@AhCfCbNTWM}APUxFiBvDtBzAMbGtB`CnAd@k@@iAZu@vD_CdGwGjAeAXG^|AVvCj@jAp@h@pBHfAt@r@rDxAjBVJAp@,2,,,,
27,2,Aquaanaerobic,0.0,1804,1804,0.0,Workout,Workout,,8754298795,2023-03-20T18:17:33Z,2023-03-20T19:17:33Z,(GMT+01:00) Africa/Algiers,3600.0,,,Czech Republic,0,12,1,1,0,True,False,False,False,everyone,False,,[],[],0.0,0.0,,True,124.5,175.0,False,True,,,9395518811,9395518811,garmin_ping_265432408226,False,0,1,False,7.0,54425577,1,a8754298795,,2,,,,
28,2,Katedra B캩쬰ck칠ho Ly쬺v치n칤 uzav칤r치 sezonu,22321.1,9003,10530,574.9,NordicSki,NordicSki,,8736108559,2023-03-18T10:21:35Z,2023-03-18T11:21:35Z,(GMT+01:00) Europe/Prague,3600.0,,,Czech Republic,0,33,0,2,0,False,False,False,False,everyone,False,,"[50.123362, 17.152178]","[50.123176, 17.151981]",2.479,10.483,,False,,,False,False,1484.0,999.4,9376367869,9376367869,garmin_ping_264946804475,True,0,1,False,,54425577,1,a8736108559,}m|pHs|tgBxAj@bDf@jAt@jEbFPIXl@xB`Ad@C|AwAdAYd@c@`@cA\yCIqCsBuGDiCIQEcBBeAPcAEwCJoDl@{DbC}Ed@aB@g@P]PkCLqCGq@g@eASiC]qA[mCWy@u@iGBs@u@{Jc@qAa@}Bq@_B?_AdAwFHcEh@oAvDeAfE~CdBh@z@C`AkAp@aBz@}@pAgEE{Cu@aELsALiCd@iDpB_JZm@jBiAbBaEt@wDnAkAxBGpE_A~AJ`D[|AbAxAdDd@vEnAnG^hA`CjEdCj@N`@y@zJAi@TgBXs@`@aCbB}D@o@pAaChAuC|@kAdB_EBa@JEb@{ArAoCC[HEJyAc@o@iCl@{DMw@]MWi@CQ]YCg@i@Ek@QO_@_G{@aFWo@YqDOg@EuA_@wBGuJBkFUw@[{C]m@}@m@Ww@C_AFqC`A{Hy@}ELcCb@oB~DiDjAgBbCy@zAuBdH_FlAsCE]TiBCeDZiCKyDSsA@}A}@yH_@eAyA{HW}Bd@_GTi@h@qDd@yA~A_Cb@Cp@c@bBmB`ImCjB_BjAkBlByFlFeJh@qBjAwCdB_DhA}Dh@{@fGoEnDeApDiDlEuCzBkAhFqBzIo@lCXvAr@lCdDfBdD~C|Ih@rBh@jAU}Db@gJI_BwCaUiAcH]mD?qAH}ApAeE`A_Bv@q@~AH`A~@^x@VvBCnAUd@`@eBKgB_@{Ae@q@mA_@q@CmAl@q@bA}@fCa@lBM|BT|DlC~QvAlLHnDOtHZzCSSiFqOwBcEwB_CgAs@uAYwG?aDl@gBfAoDrAu@j@gCt@_BfByD`DmHxCg@b@qBdCsAjFaBbCuB~FiF`KqAtC[jAcBjCiAx@oATcG|BaBdByAt@uArBc@|AqAnII`CHnBdCzLx@tHZbF[xI@bCSfB}@lBo@l@aG|DiBrBiC`AsAfB{CtCi@jBM`Ch@zCDrAm@lGMfFNx@bBlBz@`HCp@MNi@~DOrBHhHz@~NGjC_@lA_Aj@gJ{@oD~AqFrFmB~@wAxAwAfFu@xBw@hAoAx@aAvCSvAqAvGk@pGz@bFEvCg@xAcBvCoBpCq@LqB_@sCoCw@ScCd@eAbAUx@CjEy@jEMzAp@nBpAtFj@pK`AdGzAfF`@dEV|@FrAQ`CeAtDo@jBmBzDm@pEe@zMJfD|@zCj@nCR|BAzBYrAm@bAcF`DuEoCiDeEmB{@aDq@,2,,,,
29,2,Se 맚칩fou,27419.0,4535,8128,353.7,Ride,Ride,10.0,8754296074,2023-03-17T09:25:30Z,2023-03-17T10:25:30Z,(GMT+01:00) Europe/Prague,3600.0,,,Czech Republic,3,20,1,2,0,False,False,False,False,everyone,False,b11015698,"[49.183576265349984, 16.56344985589385]","[49.23421058803797, 16.524133197963238]",6.046,14.425,,True,127.2,153.0,False,True,471.7,208.8,9395515830,9395515830,garmin_ping_265432350494,False,1,0,False,15.0,54425577,1,a8754296074,khekHaybdBm@i@yCq@OQq@}Ag@_FOKoCdCmFxG}BhAm@x@?fAGPg@\aEgBeCy@{Ac@{A?_D}AaANqD~AKb@^vAQ?]_AQIcAl@oA^sGMWJa@b@_DQ_Ih@cImAiEK{DZm@\MAaAoAQ?GhAw@pA{BhB_C`DiFtF_HpCiBlAk@lBiAtBi@zFe@ZeCXuAzAs@nA_AlE_@bAC~@_@vCkA`Cs@p@qHhAgDtBqJjDkCYoFlAeAp@k@i@OFw@bBaA|CaA|FOzBGrCLbGdBlSTnGEtCe@rHWnBi@zBwCzIuBxD_B|AiCxAn@hEQxB}HjCmApBW|@]tCc@|H_AJiDlIiAnDe@x@k@f@DbDGT{IdK_ErGgDbIiApEo@`GUlJHXpApAhIlGN\JrAEj@[rAkBxEWbBAvAPr@xAbA|A~APh@\rEKh@WT_Dl@SVEb@VhCZv@`AxFTxC]lCa@zFEbELxGmBvQE|AXnLe@pWb@bMCdAs@|MwAdGoBdNOtK_@pAeBvD}@tCeEjIU|@yChS_@lF?bHI|@qBtH_CvNAdBbEfLxAlMn@fBf@\h@MnCgEp@a@n@BrA|@lApA^j@`@rA~B`Nj@jB|@hAbIjFnAj@jEdArCxDxBvATt@j@lFf@t@`@F|@S|N{InAKz@\b@x@`BrOd@`Ap@j@jA^lADlBStBkB|BuCl@a@x@Gn@Rn@f@bDdF~EjBfErD`Ad@dACfF_CTc@?c@mC}NoAaMoAeFmB}AGUl@}GjBaLJaFcCaSAsIk@eEPaMIu@[WSF[j@aAfD]H[UCi@rB_J^eESaCBcAtA}Gd@cDrA}NhA{EUcGJmTLmAZa@dI{AjCX~BGZNzAnBIX?SI|@J?Ei@FMr@b@PCXo@ZoBFaBe@oI_AiDKsDg@yFpAuY`A}c@j@gHgBmR[wBe@o@yE{AOQGo@tDe^RcAZCzBx@`ExIR?LUrGwj@WgENaBh@iDt@M{AcD[oEJsBIe@{BqCoBiA}B[qDeAmEk@oBgBSCcAnCULkAM{@HoC`B_AEU_@i@yCQ}Fy@kDy@m@cB]}A}@gCy@gCdBcAdBw@Z_Am@y@mDk@k@gEa@yEpAUEsBsCo@kCc@_Em@gASgCcC{Ds@uDsA}Ei@oD]oANsAo@uDC]JOcB^UgBeAOEYMAcB@wKfDaClB_CdCmJvEeF`FoFfEoHzDmKlJsIhDCTn@zE,2,,,,
